/*
Eduardo Henrique Porto Silva - 11796656
Israel Felipe da Silva - 11796531
Tulio Santana Ramos - 11795526
São Carlos
2022
*/

-- Cria todos os usuarios
INSERT INTO USUARIO(username,tipo,email,telefone) VALUES 
('rVERnchE',FALSE,'rVER@nchE.com','46 4000 2000'),
('rVERbhOu',TRUE,'rVER@bhOu.com','59 8042 2410'),
('rVERtuLS',FALSE,'rVER@tuLS.com','46 7309 4762'),
('rVERDRIA',TRUE,'rVER@DRIA.com','61 4329 9271'),
('rVERpiEc',TRUE,'rVER@piEc.com','85 7220 2014'),
('rVERrtyM',FALSE,'rVER@rtyM.com','12 5021 2791'),
('rVERfroT',TRUE,'rVER@froT.com','73 8242 6810'),
('rVERVaIr',TRUE,'rVER@VaIr.com','75 7264 4878'),
('rVERRIci',FALSE,'rVER@RIci.com','98 6502 3862'),
('rVERSela',TRUE,'rVER@Sela.com','20 7146 2598'),
('rVERoMIN',FALSE,'rVER@oMIN.com','57 5032 3755'),
('rVERnEUM',TRUE,'rVER@nEUM.com','2 2304 9465'),
('rVERhaGE',FALSE,'rVER@haGE.com','95 6900 8553'),
('rVERANaw',TRUE,'rVER@ANaw.com','40 3040 4731'),
('rVERcHim',FALSE,'rVER@cHim.com','73 2540 9306'),
('nchEbhOu',TRUE,'nchE@bhOu.com','75 4281 4539'),
('nchEtuLS',TRUE,'nchE@tuLS.com','83 6590 9505'),
('nchEDRIA',FALSE,'nchE@DRIA.com','78 9267 6602'),
('nchEpiEc',FALSE,'nchE@piEc.com','40 4773 7056'),
('nchErtyM',TRUE,'nchE@rtyM.com','72 9015 3786'),
('nchEfroT',FALSE,'nchE@froT.com','96 4829 3522'),
('nchEVaIr',TRUE,'nchE@VaIr.com','13 3500 3400'),
('nchERIci',TRUE,'nchE@RIci.com','98 6199 7066'),
('nchESela',FALSE,'nchE@Sela.com','95 4372 7700'),
('nchEoMIN',FALSE,'nchE@oMIN.com','91 4827 9879'),
('nchEnEUM',FALSE,'nchE@nEUM.com','48 3670 3709'),
('nchEhaGE',TRUE,'nchE@haGE.com','90 4863 9811'),
('nchEANaw',TRUE,'nchE@ANaw.com','71 1760 3327'),
('nchEcHim',FALSE,'nchE@cHim.com','33 6133 2932'),
('bhOutuLS',FALSE,'bhOu@tuLS.com','80 9347 5740'),
('bhOuDRIA',TRUE,'bhOu@DRIA.com','84 2280 3442'),
('bhOupiEc',TRUE,'bhOu@piEc.com','29 1925 7414'),
('bhOurtyM',TRUE,'bhOu@rtyM.com','84 4772 7340'),
('bhOufroT',FALSE,'bhOu@froT.com','59 3337 2607'),
('bhOuVaIr',FALSE,'bhOu@VaIr.com','46 5705 2780'),
('bhOuRIci',TRUE,'bhOu@RIci.com','21 9036 5431'),
('bhOuSela',TRUE,'bhOu@Sela.com','37 1159 9729'),
('bhOuoMIN',TRUE,'bhOu@oMIN.com','49 6001 6884'),
('bhOunEUM',FALSE,'bhOu@nEUM.com','9 4627 9170'),
('bhOuhaGE',FALSE,'bhOu@haGE.com','55 3860 5709'),
('bhOuANaw',TRUE,'bhOu@ANaw.com','87 3330 4040'),
('bhOucHim',TRUE,'bhOu@cHim.com','48 9268 6259'),
('tuLSDRIA',FALSE,'tuLS@DRIA.com','64 7520 8385'),
('tuLSpiEc',FALSE,'tuLS@piEc.com','33 4454 8907'),
('tuLSrtyM',TRUE,'tuLS@rtyM.com','60 3157 3214'),
('tuLSfroT',TRUE,'tuLS@froT.com','47 7053 3570'),
('tuLSVaIr',TRUE,'tuLS@VaIr.com','27 6170 3174'),
('tuLSRIci',FALSE,'tuLS@RIci.com','70 3361 9765'),
('tuLSSela',TRUE,'tuLS@Sela.com','19 4139 2458'),
('tuLSoMIN',FALSE,'tuLS@oMIN.com','27 3478 6611'),
('tuLSnEUM',TRUE,'tuLS@nEUM.com','97 2361 1504'),
('tuLShaGE',TRUE,'tuLS@haGE.com','73 2087 1667'),
('tuLSANaw',TRUE,'tuLS@ANaw.com','19 5842 2547'),
('tuLScHim',FALSE,'tuLS@cHim.com','76 7720 5412'),
('DRIApiEc',TRUE,'DRIA@piEc.com','56 7587 6020'),
('DRIArtyM',TRUE,'DRIA@rtyM.com','38 5769 5066'),
('DRIAfroT',TRUE,'DRIA@froT.com','11 1500 2032'),
('DRIAVaIr',FALSE,'DRIA@VaIr.com','78 9495 8590'),
('DRIARIci',FALSE,'DRIA@RIci.com','63 6398 3728'),
('DRIASela',TRUE,'DRIA@Sela.com','77 5018 9673'),
('DRIAoMIN',FALSE,'DRIA@oMIN.com','53 1345 9900'),
('DRIAnEUM',FALSE,'DRIA@nEUM.com','40 5372 4912'),
('DRIAhaGE',TRUE,'DRIA@haGE.com','87 4784 4824'),
('DRIAANaw',TRUE,'DRIA@ANaw.com','91 5169 4586'),
('DRIAcHim',FALSE,'DRIA@cHim.com','84 1530 1083'),
('piEcrtyM',TRUE,'piEc@rtyM.com','33 7539 7516'),
('piEcfroT',TRUE,'piEc@froT.com','83 1938 4347'),
('piEcVaIr',TRUE,'piEc@VaIr.com','10 6830 6395'),
('piEcRIci',FALSE,'piEc@RIci.com','18 7604 2407'),
('piEcSela',TRUE,'piEc@Sela.com','27 1309 4816'),
('piEcoMIN',FALSE,'piEc@oMIN.com','34 9698 2740'),
('piEcnEUM',TRUE,'piEc@nEUM.com','94 5901 7634'),
('piEchaGE',FALSE,'piEc@haGE.com','77 6369 4601'),
('piEcANaw',TRUE,'piEc@ANaw.com','15 8877 3093'),
('piEccHim',FALSE,'piEc@cHim.com','29 7027 5455'),
('rtyMfroT',TRUE,'rtyM@froT.com','91 8450 8941'),
('rtyMVaIr',FALSE,'rtyM@VaIr.com','77 1838 1208'),
('rtyMRIci',TRUE,'rtyM@RIci.com','9 8940 6175'),
('rtyMSela',TRUE,'rtyM@Sela.com','14 3303 8080'),
('rtyMoMIN',TRUE,'rtyM@oMIN.com','92 7576 3141'),
('rtyMnEUM',TRUE,'rtyM@nEUM.com','76 3793 9324'),
('rtyMhaGE',TRUE,'rtyM@haGE.com','31 2843 1568'),
('rtyMANaw',FALSE,'rtyM@ANaw.com','60 7646 6390'),
('rtyMcHim',FALSE,'rtyM@cHim.com','22 4880 4241'),
('froTVaIr',FALSE,'froT@VaIr.com','53 5740 2354'),
('froTRIci',TRUE,'froT@RIci.com','76 3840 1167'),
('froTSela',FALSE,'froT@Sela.com','72 9030 7856'),
('froToMIN',FALSE,'froT@oMIN.com','33 6919 9493'),
('froTnEUM',FALSE,'froT@nEUM.com','11 1411 8659'),
('froThaGE',FALSE,'froT@haGE.com','68 2001 8578'),
('froTANaw',TRUE,'froT@ANaw.com','28 5051 9835'),
('froTcHim',FALSE,'froT@cHim.com','78 9323 1868'),
('VaIrRIci',FALSE,'VaIr@RIci.com','45 5404 7733'),
('VaIrSela',FALSE,'VaIr@Sela.com','66 5889 5381'),
('VaIroMIN',TRUE,'VaIr@oMIN.com','46 7898 4655'),
('VaIrnEUM',TRUE,'VaIr@nEUM.com','71 1101 3578'),
('VaIrhaGE',TRUE,'VaIr@haGE.com','62 6568 3624'),
('VaIrANaw',FALSE,'VaIr@ANaw.com','91 9878 5640'),
('VaIrcHim',FALSE,'VaIr@cHim.com','65 6977 2570'),
('RIciSela',FALSE,'RIci@Sela.com','4 9898 8330'),
('RIcioMIN',FALSE,'RIci@oMIN.com','45 1244 4128'),
('RIcinEUM',TRUE,'RIci@nEUM.com','84 6556 3373'),
('RIcihaGE',FALSE,'RIci@haGE.com','45 4815 4030'),
('RIciANaw',FALSE,'RIci@ANaw.com','5 5777 1191'),
('RIcicHim',TRUE,'RIci@cHim.com','20 7324 3587'),
('SelaoMIN',FALSE,'Sela@oMIN.com','13 1731 7094'),
('SelanEUM',TRUE,'Sela@nEUM.com','19 6919 2663'),
('SelahaGE',FALSE,'Sela@haGE.com','44 3262 2833'),
('SelaANaw',FALSE,'Sela@ANaw.com','48 2120 9261'),
('SelacHim',FALSE,'Sela@cHim.com','77 8867 9527'),
('oMINnEUM',TRUE,'oMIN@nEUM.com','18 7242 1293'),
('oMINhaGE',TRUE,'oMIN@haGE.com','2 5144 2274'),
('oMINANaw',TRUE,'oMIN@ANaw.com','23 4156 2340'),
('oMINcHim',TRUE,'oMIN@cHim.com','84 3440 4616'),
('nEUMhaGE',FALSE,'nEUM@haGE.com','64 9340 1407'),
('nEUMANaw',FALSE,'nEUM@ANaw.com','34 2383 6339'),
('nEUMcHim',FALSE,'nEUM@cHim.com','87 3682 6868'),
('haGEANaw',FALSE,'haGE@ANaw.com','2 4404 4014'),
('haGEcHim',FALSE,'haGE@cHim.com','84 7915 7799'),
('ANawcHim',FALSE,'ANaw@cHim','50 1800 6775');

--Cria todos os clientes
INSERT INTO CLIENTE(usuario,dataNascimento,nome,titular,numero,csv,cpf) VALUES 
('rVERbhOu', DATE '2005-01-19', 'Miguel Silva', 'Gabriel Silva' ,'4022454586778461', 714, '70625053978'),
('rVERDRIA', DATE '1967-07-07', 'Miguel Santos', 'Gabriel Santos' ,'3314953370299116', 981, '27368237542'),
('rVERpiEc', DATE '1976-02-26', 'Miguel Oliveira', 'Gabriel Oliveira' ,'4740759852320648', 814, '42551751028'),
('rVERfroT', DATE '2008-05-21', 'Miguel Souza', 'Gabriel Souza' ,'3185254359801170', 417, '64665284108'),
('rVERVaIr', DATE '1989-07-28', 'Miguel Rodrigues', 'Gabriel Rodrigues' ,'1915026897270229', 158, '33648499108'),
('rVERSela', DATE '1990-09-12', 'Miguel Ferreira', 'Gabriel Ferreira' ,'6985548401800106', 601, '84810608498'),
('rVERnEUM', DATE '1955-01-20', 'Heitor Silva', 'Arthur Silva' ,'2443457742351928', 189, '75015954896'),
('rVERANaw', DATE '1952-08-08', 'Heitor Santos', 'Arthur Santos' ,'6663882752341553', 774, '19999739675'),
('nchEbhOu', DATE '1963-07-28', 'Heitor Oliveira', 'Arthur Oliveira' ,'6157329319817607', 273, '93030621183'),
('nchEtuLS', DATE '1975-04-01', 'Heitor Souza', 'Arthur Souza' ,'2505037483001396', 421, '87409175486'),
('nchErtyM', DATE '1987-02-01', 'Heitor Rodrigues', 'Arthur Rodrigues' ,'6945260016988902', 785, '38187492767'),
('nchEVaIr', DATE '1970-05-24', 'Heitor Ferreira', 'Arthur Ferreira' ,'8708543322618467', 487, '16508346409'),
('nchERIci', DATE '1950-03-09', 'Helena Silva', 'Miguel Silva' ,'3092982550637074', 598, '71654298843'),
('nchEhaGE', DATE '1976-10-23', 'Helena Santos', 'Miguel Santos' ,'3623984798959961', 729, '14543910619'),
('nchEANaw', DATE '1966-09-16', 'Helena Oliveira', 'Miguel Oliveira' ,'8156260180525583', 096, '79343415448'),
('bhOuDRIA', DATE '1947-06-06', 'Helena Souza', 'Miguel Souza' ,'5068011711880636', 303, '97855524920'),
('bhOupiEc', DATE '1951-11-18', 'Helena Rodrigues', 'Miguel Rodrigues' ,'7015129344641068', 798, '82063590209'),
('bhOurtyM', DATE '1950-07-01', 'Helena Ferreira', 'Miguel Ferreira' ,'2386068241180053', 690, '87593823399'),
('bhOuRIci', DATE '1947-12-27', 'Davi Silva', 'Heitor Silva' ,'3202148833658937', 823, '19162338369'),
('bhOuSela', DATE '1978-12-02', 'Davi Santos', 'Heitor Santos' ,'6571939797708411', 619, '59228615681'),
('bhOuoMIN', DATE '1964-06-11', 'Davi Oliveira', 'Heitor Oliveira' ,'2263775430481977', 461, '56510518536'),
('bhOuANaw', DATE '1993-06-16', 'Davi Souza', 'Heitor Souza' ,'1301933041095949', 300, '21339025758'),
('bhOucHim', DATE '2009-07-04', 'Davi Rodrigues', 'Heitor Rodrigues' ,'4696270717221339', 241, '46994703637'),
('tuLSrtyM', DATE '1973-01-27', 'Davi Ferreira', 'Heitor Ferreira' ,'3040937911377308', 377, '30328002612'),
('tuLSfroT', DATE '1958-12-02', 'Samuel Silva', 'Helena Silva' ,'1084504671628776', 287, '79340720309'),
('tuLSVaIr', DATE '1977-04-23', 'Samuel Santos', 'Helena Santos' ,'7761275417309939', 656, '76045036434'),
('tuLSSela', DATE '1940-10-05', 'Samuel Oliveira', 'Helena Oliveira' ,'8178240008425876', 905, '92092593401'),
('tuLSnEUM', DATE '1963-06-22', 'Samuel Souza', 'Helena Souza' ,'7437379382643819', 613, '12341703916'),
('tuLShaGE', DATE '2002-09-17', 'Samuel Rodrigues', 'Helena Rodrigues' ,'3517063829271565', 263, '18208316196'),
('tuLSANaw', DATE '1984-10-11', 'Samuel Ferreira', 'Helena Ferreira' ,'8710381422308001', 725, '24520174039'),
('DRIApiEc', DATE '1953-11-01', 'Heloísa Silva', 'Davi Silva' ,'2763519936818156', 055, '59685615377'),
('DRIArtyM', DATE '1980-06-16', 'Heloísa Santos', 'Davi Santos' ,'6862853313101299', 735, '99044980876'),
('DRIAfroT', DATE '2003-11-02', 'Heloísa Oliveira', 'Davi Oliveira' ,'8899271872552926', 171, '88445553301'),
('DRIASela', DATE '1943-12-14', 'Heloísa Souza', 'Davi Souza' ,'5941038611772440', 593, '31156322186'),
('DRIAhaGE', DATE '2004-02-21', 'Heloísa Rodrigues', 'Davi Rodrigues' ,'8583419741778220', 406, '11570914906'),
('DRIAANaw', DATE '1986-09-23', 'Heloísa Ferreira', 'Davi Ferreira' ,'9689816133571619', 506, '38210014233'),
('piEcrtyM', DATE '1964-05-09', 'Laura Silva', 'Samuel Silva' ,'9180257284993685', 852, '50369123886'),
('piEcfroT', DATE '1952-01-22', 'Laura Santos', 'Samuel Santos' ,'9508031027173850', 112, '57131194451'),
('piEcVaIr', DATE '1991-06-18', 'Laura Oliveira', 'Samuel Oliveira' ,'6749017650429854', 077, '11709392132'),
('piEcSela', DATE '1974-09-19', 'Laura Souza', 'Samuel Souza' ,'9648444561552688', 840, '74839984535'),
('piEcnEUM', DATE '1999-07-20', 'Laura Rodrigues', 'Samuel Rodrigues' ,'6087496671275328', 290, '49133397088'),
('piEcANaw', DATE '1976-12-22', 'Laura Ferreira', 'Samuel Ferreira' ,'3293900824792203', 842, '70219712112'),
('rtyMfroT', DATE '1979-02-27', 'Valentina Silva', 'Heloísa Silva' ,'9686158537877896', 541, '21310310757'),
('rtyMRIci', DATE '1944-12-23', 'Valentina Santos', 'Heloísa Santos' ,'9807683593963754', 016, '37023103234'),
('rtyMSela', DATE '2007-12-21', 'Valentina Oliveira', 'Heloísa Oliveira' ,'2217621571894816', 951, '92437490771'),
('rtyMoMIN', DATE '1971-12-10', 'Valentina Souza', 'Heloísa Souza' ,'8806109228181962', 118, '47291900886'),
('rtyMnEUM', DATE '1944-02-18', 'Valentina Rodrigues', 'Heloísa Rodrigues' ,'4918422596017053', 256, '30353629408'),
('rtyMhaGE', DATE '1965-06-01', 'Valentina Ferreira', 'Heloísa Ferreira' ,'2926528866656437', 244, '24298221083'),
('froTRIci', DATE '1990-08-08', 'Gabriel Silva', 'Laura Silva' ,'9539336782649710', 680, '96926249250'),
('froTANaw', DATE '2007-08-26', 'Gabriel Santos', 'Laura Santos' ,'3733683472411264', 489, '67093507480'),
('VaIroMIN', DATE '1989-01-15', 'Gabriel Oliveira', 'Laura Oliveira' ,'9573510952660471', 511, '46372962476'),
('VaIrnEUM', DATE '1969-04-05', 'Gabriel Souza', 'Laura Souza' ,'2360282955150823', 813, '51695712287'),
('VaIrhaGE', DATE '1962-11-12', 'Gabriel Rodrigues', 'Laura Rodrigues' ,'5594455804885633', 816, '98945851469'),
('RIcinEUM', DATE '1942-07-01', 'Gabriel Ferreira', 'Laura Ferreira' ,'4894971349456509', 695, '44801217084'),
('RIcicHim', DATE '1993-07-17', 'Arthur Silva', 'Valentina Silva' ,'3801903828225195', 842, '48323624874'),
('SelanEUM', DATE '1942-08-18', 'Arthur Santos', 'Valentina Santos' ,'5482700082851064', 009, '45485647453'),
('oMINnEUM', DATE '2001-06-13', 'Arthur Oliveira', 'Valentina Oliveira' ,'2734832568648584', 313, '28653188187'),
('oMINhaGE', DATE '1959-04-12', 'Arthur Souza', 'Valentina Souza' ,'3861462738177563', 624, '66726394022'),
('oMINANaw', DATE '1947-05-17', 'Arthur Rodrigues', 'Valentina Rodrigues' ,'2702082054128045', 933, '89716330865'),
('oMINcHim', DATE '1964-09-17', 'Arthur Ferreira', 'Valentina Ferreira' ,'8778707128518545', 429, '77359230535');

--Cria todas as listas de amigos
INSERT INTO LISTA_AMIGOS(dono,amigo) VALUES 
('bhOuDRIA', 'nchEVaIr'),
('nchEVaIr', 'bhOuDRIA'),
('bhOuDRIA', 'tuLSANaw'),
('tuLSANaw', 'bhOuDRIA'),
('bhOuDRIA', 'piEcANaw'),
('piEcANaw', 'bhOuDRIA'),
('bhOuDRIA', 'piEcrtyM'),
('piEcrtyM', 'bhOuDRIA'),
('bhOuDRIA', 'piEcVaIr'),
('piEcVaIr', 'bhOuDRIA'),
('bhOuDRIA', 'froTANaw'),
('froTANaw', 'bhOuDRIA'),
('bhOuDRIA', 'nchErtyM'),
('nchErtyM', 'bhOuDRIA'),
('bhOuDRIA', 'tuLSrtyM'),
('tuLSrtyM', 'bhOuDRIA'),
('bhOuDRIA', 'DRIAhaGE'),
('DRIAhaGE', 'bhOuDRIA'),
('nchEVaIr', 'tuLSANaw'),
('tuLSANaw', 'nchEVaIr'),
('nchEVaIr', 'piEcANaw'),
('piEcANaw', 'nchEVaIr'),
('nchEVaIr', 'piEcrtyM'),
('piEcrtyM', 'nchEVaIr'),
('nchEVaIr', 'piEcVaIr'),
('piEcVaIr', 'nchEVaIr'),
('nchEVaIr', 'froTANaw'),
('froTANaw', 'nchEVaIr'),
('nchEVaIr', 'nchErtyM'),
('nchErtyM', 'nchEVaIr'),
('nchEVaIr', 'tuLSrtyM'),
('tuLSrtyM', 'nchEVaIr'),
('nchEVaIr', 'DRIAhaGE'),
('DRIAhaGE', 'nchEVaIr'),
('tuLSANaw', 'piEcANaw'),
('piEcANaw', 'tuLSANaw'),
('tuLSANaw', 'piEcrtyM'),
('piEcrtyM', 'tuLSANaw'),
('tuLSANaw', 'piEcVaIr'),
('piEcVaIr', 'tuLSANaw'),
('tuLSANaw', 'froTANaw'),
('froTANaw', 'tuLSANaw'),
('tuLSANaw', 'nchErtyM'),
('nchErtyM', 'tuLSANaw'),
('tuLSANaw', 'tuLSrtyM'),
('tuLSrtyM', 'tuLSANaw'),
('tuLSANaw', 'DRIAhaGE'),
('DRIAhaGE', 'tuLSANaw'),
('piEcANaw', 'piEcrtyM'),
('piEcrtyM', 'piEcANaw'),
('piEcANaw', 'piEcVaIr'),
('piEcVaIr', 'piEcANaw'),
('piEcANaw', 'froTANaw'),
('froTANaw', 'piEcANaw'),
('piEcANaw', 'nchErtyM'),
('nchErtyM', 'piEcANaw'),
('piEcANaw', 'tuLSrtyM'),
('tuLSrtyM', 'piEcANaw'),
('piEcANaw', 'DRIAhaGE'),
('DRIAhaGE', 'piEcANaw'),
('piEcrtyM', 'piEcVaIr'),
('piEcVaIr', 'piEcrtyM'),
('piEcrtyM', 'froTANaw'),
('froTANaw', 'piEcrtyM'),
('piEcrtyM', 'nchErtyM'),
('nchErtyM', 'piEcrtyM'),
('piEcrtyM', 'tuLSrtyM'),
('tuLSrtyM', 'piEcrtyM'),
('piEcrtyM', 'DRIAhaGE'),
('DRIAhaGE', 'piEcrtyM'),
('piEcVaIr', 'froTANaw'),
('froTANaw', 'piEcVaIr'),
('piEcVaIr', 'nchErtyM'),
('nchErtyM', 'piEcVaIr'),
('piEcVaIr', 'tuLSrtyM'),
('tuLSrtyM', 'piEcVaIr'),
('piEcVaIr', 'DRIAhaGE'),
('DRIAhaGE', 'piEcVaIr'),
('froTANaw', 'nchErtyM'),
('nchErtyM', 'froTANaw'),
('froTANaw', 'tuLSrtyM'),
('tuLSrtyM', 'froTANaw'),
('froTANaw', 'DRIAhaGE'),
('DRIAhaGE', 'froTANaw'),
('nchErtyM', 'tuLSrtyM'),
('tuLSrtyM', 'nchErtyM'),
('nchErtyM', 'DRIAhaGE'),
('DRIAhaGE', 'nchErtyM'),
('tuLSrtyM', 'DRIAhaGE'),
('DRIAhaGE', 'tuLSrtyM');

-- Cria as compras pré feitas
INSERT INTO COMPRA(datahora, cliente, total) VALUES
(TIMESTAMP '2022-10-17 8:58','DRIASela',10.00),
(TIMESTAMP '2022-1-3 0:4','rtyMRIci',10.00),
(TIMESTAMP '2022-12-24 13:1','piEcfroT',20.00),
(TIMESTAMP '2022-7-26 22:17','nchEhaGE',30.00),
(TIMESTAMP '2022-1-10 18:4','tuLSnEUM',40.00),
(TIMESTAMP '2022-11-23 16:2','nchEhaGE',50.00),
(TIMESTAMP '2022-12-8 19:10','DRIASela',60.00),
(TIMESTAMP '2022-5-1 12:19','rtyMnEUM',70.00),
(TIMESTAMP '2022-1-6 16:56','nchERIci',80.00),
(TIMESTAMP '2022-8-14 3:21','DRIAfroT',90.00),
(TIMESTAMP '2022-5-19 0:17','rVERSela',100.00),
(TIMESTAMP '2022-12-27 0:19','DRIAANaw',110.00),
(TIMESTAMP '2022-11-8 9:36','bhOuRIci',120.00),
(TIMESTAMP '2022-5-4 23:56','tuLSrtyM',130.00),
(TIMESTAMP '2022-8-12 0:3','oMINnEUM',140.00),
(TIMESTAMP '2022-8-22 14:22','froTRIci',150.00),
(TIMESTAMP '2022-7-1 9:38','froTRIci',160.00),
(TIMESTAMP '2022-5-11 20:4','tuLSANaw',170.00),
(TIMESTAMP '2022-7-22 18:37','oMINnEUM',180.00),
(TIMESTAMP '2022-3-6 21:38','bhOuSela',190.00);

-- Cria todas as coleções
INSERT INTO COLECAO(nome, inicio, fim, preco, descricao) VALUES
('Harry Potter',TIMESTAMP '2022-8-11 6:41',TIMESTAMP '2022-8-20 16:47',121.00,'Lorem ipsum dolor sit amet, consectetur adipiscing elit. Etiam eget ligula eu lectus lobortis condimentum. Aliquam nonummy auctor massa. Pellentesque habitant morbi tristique senectus et netus.'),
('Senhor dos Anéis',TIMESTAMP '2022-4-2 19:15',TIMESTAMP '2022-5-16 13:20',41.00,'Lorem ipsum dolor sit amet, consectetur adipiscing elit. Etiam eget ligula eu lectus lobortis condimentum. Aliquam nonummy auctor massa. Pellentesque habitant morbi tristique senectus et netus.'),
('Narnia',TIMESTAMP '2022-9-14 0:32',TIMESTAMP '2022-12-3 11:33',117.00,'Lorem ipsum dolor sit amet, consectetur adipiscing elit. Etiam eget ligula eu lectus lobortis condimentum. Aliquam nonummy auctor massa. Pellentesque habitant morbi tristique senectus et netus.'),
('Historicos',TIMESTAMP '2022-1-14 23:27',TIMESTAMP '2022-8-10 8:38',63.00,'Lorem ipsum dolor sit amet, consectetur adipiscing elit. Etiam eget ligula eu lectus lobortis condimentum. Aliquam nonummy auctor massa. Pellentesque habitant morbi tristique senectus et netus.'),
('Teen',TIMESTAMP '2022-3-3 15:31',TIMESTAMP '2022-12-22 20:59',118.00,'Lorem ipsum dolor sit amet, consectetur adipiscing elit. Etiam eget ligula eu lectus lobortis condimentum. Aliquam nonummy auctor massa. Pellentesque habitant morbi tristique senectus et netus.'),
('Filosoficos',TIMESTAMP '2022-9-10 20:11',TIMESTAMP '2022-10-28 7:48',63.00,'Lorem ipsum dolor sit amet, consectetur adipiscing elit. Etiam eget ligula eu lectus lobortis condimentum. Aliquam nonummy auctor massa. Pellentesque habitant morbi tristique senectus et netus.'),
('Religiosos',TIMESTAMP '2022-1-7 18:34',TIMESTAMP '2022-10-4 8:39',139.00,'Lorem ipsum dolor sit amet, consectetur adipiscing elit. Etiam eget ligula eu lectus lobortis condimentum. Aliquam nonummy auctor massa. Pellentesque habitant morbi tristique senectus et netus.'),
('Classicos',TIMESTAMP '2022-1-14 6:51',TIMESTAMP '2022-7-14 23:57',100.00,'Lorem ipsum dolor sit amet, consectetur adipiscing elit. Etiam eget ligula eu lectus lobortis condimentum. Aliquam nonummy auctor massa. Pellentesque habitant morbi tristique senectus et netus.'),
('Cinquenta Tons',TIMESTAMP '2022-1-22 2:58',TIMESTAMP '2022-12-10 3:10',79.00,'Lorem ipsum dolor sit amet, consectetur adipiscing elit. Etiam eget ligula eu lectus lobortis condimentum. Aliquam nonummy auctor massa. Pellentesque habitant morbi tristique senectus et netus.');

--Cria todos os livros
INSERT INTO LIVRO(nome, edicao, anoPublicacao, sinopse, avaliacaoMedia, faixaEtaria, preco) VALUES
('Harry Potter e a Pedra Filosofal',9,'1995','Lorem ipsum dolor sit amet, consectetur adipiscing elit. Etiam eget ligula eu lectus lobortis condimentum. Aliquam nonummy auctor massa. Pellentesque habitant morbi tristique senectus et netus.',9.2,8,28.00),
('Harry Potter e a Câmara Secreta',3,'2016','Lorem ipsum dolor sit amet, consectetur adipiscing elit. Etiam eget ligula eu lectus lobortis condimentum. Aliquam nonummy auctor massa. Pellentesque habitant morbi tristique senectus et netus.',2.6,9,161.00),
('Harry Potter e o Prisioneiro de Azkaban',6,'2016','Lorem ipsum dolor sit amet, consectetur adipiscing elit. Etiam eget ligula eu lectus lobortis condimentum. Aliquam nonummy auctor massa. Pellentesque habitant morbi tristique senectus et netus.',3.9,5,109.00),
('Harry Potter e o Cálice de Fogo',3,'2014','Lorem ipsum dolor sit amet, consectetur adipiscing elit. Etiam eget ligula eu lectus lobortis condimentum. Aliquam nonummy auctor massa. Pellentesque habitant morbi tristique senectus et netus.',4.4,15,12.00),
('Harry Potter e a Ordem da Fênix',6,'1991','Lorem ipsum dolor sit amet, consectetur adipiscing elit. Etiam eget ligula eu lectus lobortis condimentum. Aliquam nonummy auctor massa. Pellentesque habitant morbi tristique senectus et netus.',8.6,13,73.00),
('Harry Potter e o Enigma do Príncipe',6,'2005','Lorem ipsum dolor sit amet, consectetur adipiscing elit. Etiam eget ligula eu lectus lobortis condimentum. Aliquam nonummy auctor massa. Pellentesque habitant morbi tristique senectus et netus.',9.9,2,40.00),
('Harry Potter e as Relíquias da Morte',5,'2018','Lorem ipsum dolor sit amet, consectetur adipiscing elit. Etiam eget ligula eu lectus lobortis condimentum. Aliquam nonummy auctor massa. Pellentesque habitant morbi tristique senectus et netus.',7.4,8,74.00),
('Harry Potter e a Criança Amaldiçoada',3,'1993','Lorem ipsum dolor sit amet, consectetur adipiscing elit. Etiam eget ligula eu lectus lobortis condimentum. Aliquam nonummy auctor massa. Pellentesque habitant morbi tristique senectus et netus.',4.6,10,155.00),
('Dom Quixote',4,'1993','Lorem ipsum dolor sit amet, consectetur adipiscing elit. Etiam eget ligula eu lectus lobortis condimentum. Aliquam nonummy auctor massa. Pellentesque habitant morbi tristique senectus et netus.',3.6,7,57.00),
('O Conde de Monte Cristo',10,'1991','Lorem ipsum dolor sit amet, consectetur adipiscing elit. Etiam eget ligula eu lectus lobortis condimentum. Aliquam nonummy auctor massa. Pellentesque habitant morbi tristique senectus et netus.',8.1,12,84.00),
('Um Conto de Duas Cidades',10,'1996','Lorem ipsum dolor sit amet, consectetur adipiscing elit. Etiam eget ligula eu lectus lobortis condimentum. Aliquam nonummy auctor massa. Pellentesque habitant morbi tristique senectus et netus.',7.3,1,171.00),
('O Pequeno Príncipe',4,'2008','Lorem ipsum dolor sit amet, consectetur adipiscing elit. Etiam eget ligula eu lectus lobortis condimentum. Aliquam nonummy auctor massa. Pellentesque habitant morbi tristique senectus et netus.',4.6,7,146.00),
('O Senhor dos Anéis: A Sociedade do Anel',6,'2005','Lorem ipsum dolor sit amet, consectetur adipiscing elit. Etiam eget ligula eu lectus lobortis condimentum. Aliquam nonummy auctor massa. Pellentesque habitant morbi tristique senectus et netus.',9.5,12,118.00),
('O Senhor dos Anéis: As Duas Torres',10,'1991','Lorem ipsum dolor sit amet, consectetur adipiscing elit. Etiam eget ligula eu lectus lobortis condimentum. Aliquam nonummy auctor massa. Pellentesque habitant morbi tristique senectus et netus.',7.5,3,60.00),
('O Senhor dos Anéis: O Retorno do Rei',6,'2003','Lorem ipsum dolor sit amet, consectetur adipiscing elit. Etiam eget ligula eu lectus lobortis condimentum. Aliquam nonummy auctor massa. Pellentesque habitant morbi tristique senectus et netus.',1.2,11,19.00),
('O Sobrinho do Mago',3,'1995','Lorem ipsum dolor sit amet, consectetur adipiscing elit. Etiam eget ligula eu lectus lobortis condimentum. Aliquam nonummy auctor massa. Pellentesque habitant morbi tristique senectus et netus.',6.3,7,98.00),
('O Leão, a Feiticeira e o Guarda-Roupa',10,'1996','Lorem ipsum dolor sit amet, consectetur adipiscing elit. Etiam eget ligula eu lectus lobortis condimentum. Aliquam nonummy auctor massa. Pellentesque habitant morbi tristique senectus et netus.',5.1,7,129.00),
('O Cavalo e seu Menino',3,'1999','Lorem ipsum dolor sit amet, consectetur adipiscing elit. Etiam eget ligula eu lectus lobortis condimentum. Aliquam nonummy auctor massa. Pellentesque habitant morbi tristique senectus et netus.',4.4,11,104.00),
('Príncipe Caspian',9,'1995','Lorem ipsum dolor sit amet, consectetur adipiscing elit. Etiam eget ligula eu lectus lobortis condimentum. Aliquam nonummy auctor massa. Pellentesque habitant morbi tristique senectus et netus.',9.7,10,179.00),
('A Viagem do Peregrino da Alvorada',9,'2018','Lorem ipsum dolor sit amet, consectetur adipiscing elit. Etiam eget ligula eu lectus lobortis condimentum. Aliquam nonummy auctor massa. Pellentesque habitant morbi tristique senectus et netus.',7.3,11,90.00),
('A Cadeira de Prata',6,'2020','Lorem ipsum dolor sit amet, consectetur adipiscing elit. Etiam eget ligula eu lectus lobortis condimentum. Aliquam nonummy auctor massa. Pellentesque habitant morbi tristique senectus et netus.',4.5,7,125.00),
('A Última Batalha',7,'2011','Lorem ipsum dolor sit amet, consectetur adipiscing elit. Etiam eget ligula eu lectus lobortis condimentum. Aliquam nonummy auctor massa. Pellentesque habitant morbi tristique senectus et netus.',2.2,2,114.00),
('O Caso dos Dez Negrinhos',10,'2007','Lorem ipsum dolor sit amet, consectetur adipiscing elit. Etiam eget ligula eu lectus lobortis condimentum. Aliquam nonummy auctor massa. Pellentesque habitant morbi tristique senectus et netus.',7.8,9,106.00),
('Cinquenta Tons de Cinza',7,'2003','Lorem ipsum dolor sit amet, consectetur adipiscing elit. Etiam eget ligula eu lectus lobortis condimentum. Aliquam nonummy auctor massa. Pellentesque habitant morbi tristique senectus et netus.',7.2,4,102.00),
('Cinquenta Tons Mais Escuros',9,'1998','Lorem ipsum dolor sit amet, consectetur adipiscing elit. Etiam eget ligula eu lectus lobortis condimentum. Aliquam nonummy auctor massa. Pellentesque habitant morbi tristique senectus et netus.',6.1,18,111.00),
('Cinquenta Tons de Liberdade',9,'2004','Lorem ipsum dolor sit amet, consectetur adipiscing elit. Etiam eget ligula eu lectus lobortis condimentum. Aliquam nonummy auctor massa. Pellentesque habitant morbi tristique senectus et netus.',0.2,16,66.00),
('O Sonho da Câmara Vermelha',7,'2010','Lorem ipsum dolor sit amet, consectetur adipiscing elit. Etiam eget ligula eu lectus lobortis condimentum. Aliquam nonummy auctor massa. Pellentesque habitant morbi tristique senectus et netus.',0.6,17,56.00),
('Ela, a Feiticeira',10,'1990','Lorem ipsum dolor sit amet, consectetur adipiscing elit. Etiam eget ligula eu lectus lobortis condimentum. Aliquam nonummy auctor massa. Pellentesque habitant morbi tristique senectus et netus.',3.2,1,30.00),
('Guerra e Paz',8,'2006','Lorem ipsum dolor sit amet, consectetur adipiscing elit. Etiam eget ligula eu lectus lobortis condimentum. Aliquam nonummy auctor massa. Pellentesque habitant morbi tristique senectus et netus.',9.7,6,42.00),
('A montanha mágica',2,'2009','Lorem ipsum dolor sit amet, consectetur adipiscing elit. Etiam eget ligula eu lectus lobortis condimentum. Aliquam nonummy auctor massa. Pellentesque habitant morbi tristique senectus et netus.',5.1,0,36.00),
('Cem anos de solidão',9,'1993','Lorem ipsum dolor sit amet, consectetur adipiscing elit. Etiam eget ligula eu lectus lobortis condimentum. Aliquam nonummy auctor massa. Pellentesque habitant morbi tristique senectus et netus.',7.9,17,41.00),
('Ulysses',2,'2014','Lorem ipsum dolor sit amet, consectetur adipiscing elit. Etiam eget ligula eu lectus lobortis condimentum. Aliquam nonummy auctor massa. Pellentesque habitant morbi tristique senectus et netus.',0.1,18,70.00),
('Em busca do tempo perdido',10,'2012','Lorem ipsum dolor sit amet, consectetur adipiscing elit. Etiam eget ligula eu lectus lobortis condimentum. Aliquam nonummy auctor massa. Pellentesque habitant morbi tristique senectus et netus.',5.5,0,65.00),
('A Divina Comédia',1,'2009','Lorem ipsum dolor sit amet, consectetur adipiscing elit. Etiam eget ligula eu lectus lobortis condimentum. Aliquam nonummy auctor massa. Pellentesque habitant morbi tristique senectus et netus.',2.1,13,92.00),
('O homem sem qualidades',6,'2008','Lorem ipsum dolor sit amet, consectetur adipiscing elit. Etiam eget ligula eu lectus lobortis condimentum. Aliquam nonummy auctor massa. Pellentesque habitant morbi tristique senectus et netus.',1.7,11,74.00),
('O processo',9,'2020','Lorem ipsum dolor sit amet, consectetur adipiscing elit. Etiam eget ligula eu lectus lobortis condimentum. Aliquam nonummy auctor massa. Pellentesque habitant morbi tristique senectus et netus.',8.4,17,34.00),
('O som e a Fúria',10,'2002','Lorem ipsum dolor sit amet, consectetur adipiscing elit. Etiam eget ligula eu lectus lobortis condimentum. Aliquam nonummy auctor massa. Pellentesque habitant morbi tristique senectus et netus.',2.3,14,65.00),
('Ao Farol',1,'2004','Lorem ipsum dolor sit amet, consectetur adipiscing elit. Etiam eget ligula eu lectus lobortis condimentum. Aliquam nonummy auctor massa. Pellentesque habitant morbi tristique senectus et netus.',0.0,0,13.00),
('O Rei Lear',1,'1998','Lorem ipsum dolor sit amet, consectetur adipiscing elit. Etiam eget ligula eu lectus lobortis condimentum. Aliquam nonummy auctor massa. Pellentesque habitant morbi tristique senectus et netus.',7.4,4,40.00),
('Moby Dick',10,'1990','Lorem ipsum dolor sit amet, consectetur adipiscing elit. Etiam eget ligula eu lectus lobortis condimentum. Aliquam nonummy auctor massa. Pellentesque habitant morbi tristique senectus et netus.',9.4,9,148.00),
('Madame Bovary',9,'2005','Lorem ipsum dolor sit amet, consectetur adipiscing elit. Etiam eget ligula eu lectus lobortis condimentum. Aliquam nonummy auctor massa. Pellentesque habitant morbi tristique senectus et netus.',4.9,17,84.00),
('Viagem ao Fim da Noite',10,'2000','Lorem ipsum dolor sit amet, consectetur adipiscing elit. Etiam eget ligula eu lectus lobortis condimentum. Aliquam nonummy auctor massa. Pellentesque habitant morbi tristique senectus et netus.',7.3,0,135.00),
('Ilíada',8,'1990','Lorem ipsum dolor sit amet, consectetur adipiscing elit. Etiam eget ligula eu lectus lobortis condimentum. Aliquam nonummy auctor massa. Pellentesque habitant morbi tristique senectus et netus.',8.4,18,48.00),
('Livro do Desassossego',9,'2014','Lorem ipsum dolor sit amet, consectetur adipiscing elit. Etiam eget ligula eu lectus lobortis condimentum. Aliquam nonummy auctor massa. Pellentesque habitant morbi tristique senectus et netus.',2.2,10,26.00),
('Pantagruel',1,'2010','Lorem ipsum dolor sit amet, consectetur adipiscing elit. Etiam eget ligula eu lectus lobortis condimentum. Aliquam nonummy auctor massa. Pellentesque habitant morbi tristique senectus et netus.',7.5,18,62.00),
('Grandes Esperanças',1,'2008','Lorem ipsum dolor sit amet, consectetur adipiscing elit. Etiam eget ligula eu lectus lobortis condimentum. Aliquam nonummy auctor massa. Pellentesque habitant morbi tristique senectus et netus.',1.9,0,31.00),
('O Velho e o Mar',4,'2005','Lorem ipsum dolor sit amet, consectetur adipiscing elit. Etiam eget ligula eu lectus lobortis condimentum. Aliquam nonummy auctor massa. Pellentesque habitant morbi tristique senectus et netus.',7.6,1,47.00),
('Ficções',2,'2001','Lorem ipsum dolor sit amet, consectetur adipiscing elit. Etiam eget ligula eu lectus lobortis condimentum. Aliquam nonummy auctor massa. Pellentesque habitant morbi tristique senectus et netus.',0.5,11,23.00),
('Lolita',1,'2010','Lorem ipsum dolor sit amet, consectetur adipiscing elit. Etiam eget ligula eu lectus lobortis condimentum. Aliquam nonummy auctor massa. Pellentesque habitant morbi tristique senectus et netus.',3.7,9,65.00),
('Zorba, o Grego',4,'2003','Lorem ipsum dolor sit amet, consectetur adipiscing elit. Etiam eget ligula eu lectus lobortis condimentum. Aliquam nonummy auctor massa. Pellentesque habitant morbi tristique senectus et netus.',8.1,1,32.00),
('Os irmão Karamazov',8,'2015','Lorem ipsum dolor sit amet, consectetur adipiscing elit. Etiam eget ligula eu lectus lobortis condimentum. Aliquam nonummy auctor massa. Pellentesque habitant morbi tristique senectus et netus.',9.2,13,138.00),
('As mil e uma noites',1,'1995','Lorem ipsum dolor sit amet, consectetur adipiscing elit. Etiam eget ligula eu lectus lobortis condimentum. Aliquam nonummy auctor massa. Pellentesque habitant morbi tristique senectus et netus.',3.5,1,145.00),
('O estrangeiro',8,'2006','Lorem ipsum dolor sit amet, consectetur adipiscing elit. Etiam eget ligula eu lectus lobortis condimentum. Aliquam nonummy auctor massa. Pellentesque habitant morbi tristique senectus et netus.',6.6,15,200.00),
('Fausto',7,'1996','Lorem ipsum dolor sit amet, consectetur adipiscing elit. Etiam eget ligula eu lectus lobortis condimentum. Aliquam nonummy auctor massa. Pellentesque habitant morbi tristique senectus et netus.',3.9,7,170.00),
('Odisséia',7,'2012','Lorem ipsum dolor sit amet, consectetur adipiscing elit. Etiam eget ligula eu lectus lobortis condimentum. Aliquam nonummy auctor massa. Pellentesque habitant morbi tristique senectus et netus.',9.0,6,36.00),
('Anna Kariênina',4,'1999','Lorem ipsum dolor sit amet, consectetur adipiscing elit. Etiam eget ligula eu lectus lobortis condimentum. Aliquam nonummy auctor massa. Pellentesque habitant morbi tristique senectus et netus.',4.4,12,186.00),
('Hamlet',7,'1996','Lorem ipsum dolor sit amet, consectetur adipiscing elit. Etiam eget ligula eu lectus lobortis condimentum. Aliquam nonummy auctor massa. Pellentesque habitant morbi tristique senectus et netus.',9.1,7,140.00),
('Crime e Castigo',8,'2017','Lorem ipsum dolor sit amet, consectetur adipiscing elit. Etiam eget ligula eu lectus lobortis condimentum. Aliquam nonummy auctor massa. Pellentesque habitant morbi tristique senectus et netus.',1.9,18,135.00),
('1984',5,'2005','Lorem ipsum dolor sit amet, consectetur adipiscing elit. Etiam eget ligula eu lectus lobortis condimentum. Aliquam nonummy auctor massa. Pellentesque habitant morbi tristique senectus et netus.',0.9,3,91.00),
('Orgulho e Preconceito',1,'1994','Lorem ipsum dolor sit amet, consectetur adipiscing elit. Etiam eget ligula eu lectus lobortis condimentum. Aliquam nonummy auctor massa. Pellentesque habitant morbi tristique senectus et netus.',1.5,7,193.00);


--Cria todos os alugueis
INSERT INTO ALUGUEL(datainicio, datafim, livro, cliente, valor) VALUES
( TIMESTAMP '2022-6-22 3:35', TIMESTAMP '2022-8-19 10:46', 'Ela, a Feiticeira','bhOuSela',30.00),
( TIMESTAMP '2022-9-9 12:32', TIMESTAMP '2022-10-28 8:11', 'O Senhor dos Anéis: As Duas Torres','rVERbhOu',60.00),
( TIMESTAMP '2022-9-24 18:55', TIMESTAMP '2022-10-9 15:48', 'Cinquenta Tons Mais Escuros','rVERSela',111.00),
( TIMESTAMP '2022-9-26 16:2', TIMESTAMP '2022-11-15 17:46', 'Cinquenta Tons Mais Escuros','tuLSVaIr',111.00),
( TIMESTAMP '2022-2-21 5:18', TIMESTAMP '2022-9-3 17:30', 'Lolita','piEcfroT',65.00),
( TIMESTAMP '2022-1-12 18:57', TIMESTAMP '2022-3-10 6:33', 'Cinquenta Tons de Liberdade','tuLSrtyM',66.00),
( TIMESTAMP '2022-8-18 18:40', TIMESTAMP '2022-9-2 6:3', 'A montanha mágica','rtyMRIci',36.00),
( TIMESTAMP '2022-4-28 2:45', TIMESTAMP '2022-5-9 19:23', 'O Cavalo e seu Menino','tuLSrtyM',104.00),
( TIMESTAMP '2022-1-27 4:56', TIMESTAMP '2022-6-1 2:1', 'Dom Quixote','rtyMhaGE',57.00),
( TIMESTAMP '2022-1-23 19:36', TIMESTAMP '2022-6-18 8:54', 'Fausto','RIcicHim',170.00),
( TIMESTAMP '2022-1-26 18:19', TIMESTAMP '2022-6-23 1:29', 'Crime e Castigo','bhOurtyM',135.00),
( TIMESTAMP '2022-2-27 19:22', TIMESTAMP '2022-12-9 1:16', 'Cinquenta Tons de Liberdade','SelanEUM',66.00),
( TIMESTAMP '2022-4-23 19:9', TIMESTAMP '2022-10-19 20:10', 'O Leão, a Feiticeira e o Guarda-Roupa','piEcnEUM',129.00),
( TIMESTAMP '2022-11-1 2:25', TIMESTAMP '2022-12-12 12:45', 'Harry Potter e a Câmara Secreta','tuLSrtyM',161.00),
( TIMESTAMP '2022-8-15 19:46', TIMESTAMP '2022-10-3 10:44', 'Ficções','DRIAfroT',23.00),
( TIMESTAMP '2022-1-11 16:57', TIMESTAMP '2022-3-24 2:50', 'Harry Potter e a Ordem da Fênix','oMINhaGE',73.00),
( TIMESTAMP '2022-7-6 22:58', TIMESTAMP '2022-9-12 23:52', 'A Cadeira de Prata','rVERnEUM',125.00),
( TIMESTAMP '2022-5-9 16:15', TIMESTAMP '2022-6-21 13:9', 'Orgulho e Preconceito','tuLSVaIr',193.00),
( TIMESTAMP '2022-2-21 22:32', TIMESTAMP '2022-3-5 20:59', '1984','DRIAANaw',91.00),
( TIMESTAMP '2022-9-16 23:57', TIMESTAMP '2022-9-23 3:34', 'O Sobrinho do Mago','rVERANaw',98.00);

-- Cria todos os presentear
INSERT INTO PRESENTEAR(cliente1,cliente2,livro,mensagem) VALUES
('bhOuDRIA','tuLSANaw','O Conde de Monte Cristo','Lorem ipsum dolor sit amet, consectetur adipiscing elit. Etiam eget ligula eu lectus lobortis condimentum. Aliquam nonummy auctor massa. Pellentesque habitant morbi tristique senectus et netus.'),
('bhOuDRIA','froTANaw','Cinquenta Tons Mais Escuros','Lorem ipsum dolor sit amet, consectetur adipiscing elit. Etiam eget ligula eu lectus lobortis condimentum. Aliquam nonummy auctor massa. Pellentesque habitant morbi tristique senectus et netus.'),
('froTANaw','nchErtyM','O som e a Fúria','Lorem ipsum dolor sit amet, consectetur adipiscing elit. Etiam eget ligula eu lectus lobortis condimentum. Aliquam nonummy auctor massa. Pellentesque habitant morbi tristique senectus et netus.'),
('froTANaw','tuLSrtyM','Cem anos de solidão','Lorem ipsum dolor sit amet, consectetur adipiscing elit. Etiam eget ligula eu lectus lobortis condimentum. Aliquam nonummy auctor massa. Pellentesque habitant morbi tristique senectus et netus.'),
('nchEVaIr','piEcVaIr','Cinquenta Tons de Cinza','Lorem ipsum dolor sit amet, consectetur adipiscing elit. Etiam eget ligula eu lectus lobortis condimentum. Aliquam nonummy auctor massa. Pellentesque habitant morbi tristique senectus et netus.'),
('nchEVaIr','nchErtyM','Em busca do tempo perdido','Lorem ipsum dolor sit amet, consectetur adipiscing elit. Etiam eget ligula eu lectus lobortis condimentum. Aliquam nonummy auctor massa. Pellentesque habitant morbi tristique senectus et netus.'),
('piEcrtyM','nchEVaIr','O som e a Fúria','Lorem ipsum dolor sit amet, consectetur adipiscing elit. Etiam eget ligula eu lectus lobortis condimentum. Aliquam nonummy auctor massa. Pellentesque habitant morbi tristique senectus et netus.'),
('piEcrtyM','piEcVaIr','O Senhor dos Anéis: O Retorno do Rei','Lorem ipsum dolor sit amet, consectetur adipiscing elit. Etiam eget ligula eu lectus lobortis condimentum. Aliquam nonummy auctor massa. Pellentesque habitant morbi tristique senectus et netus.'),
('tuLSANaw','nchEVaIr','Harry Potter e a Ordem da Fênix','Lorem ipsum dolor sit amet, consectetur adipiscing elit. Etiam eget ligula eu lectus lobortis condimentum. Aliquam nonummy auctor massa. Pellentesque habitant morbi tristique senectus et netus.'),
('tuLSANaw','nchErtyM','Em busca do tempo perdido','Lorem ipsum dolor sit amet, consectetur adipiscing elit. Etiam eget ligula eu lectus lobortis condimentum. Aliquam nonummy auctor massa. Pellentesque habitant morbi tristique senectus et netus.');

--Cria todas as avaliações
INSERT INTO AVALIA(cliente,livro, nota) VALUES
('DRIASela','A Cadeira de Prata', 2.4),
('rtyMRIci','O Velho e o Mar', 1.7),
('piEcfroT','Os irmão Karamazov', 9.9),
('nchEhaGE','Cinquenta Tons Mais Escuros', 10.0),
('tuLSnEUM','Ilíada', 6.5),
('nchEhaGE','Harry Potter e a Criança Amaldiçoada', 4.3),
('DRIASela','O Senhor dos Anéis: As Duas Torres', 1.8),
('rtyMnEUM','Ao Farol', 7.4),
('nchERIci','Os irmão Karamazov', 8.5),
('DRIAfroT','O Cavalo e seu Menino', 7.0);

--Cria todas as relacoes de possui
INSERT INTO POSSUI(datahora,cliente,livro) VALUES
( TIMESTAMP '2022-10-17 08:58:00','DRIASela','A Cadeira de Prata'),
( TIMESTAMP '2022-10-17 08:58:00','DRIASela','Harry Potter e a Pedra Filosofal'),
( TIMESTAMP '2022-10-17 08:58:00','DRIASela','Harry Potter e a Câmara Secreta'),
( TIMESTAMP '2022-10-17 08:58:00','DRIASela','Harry Potter e o Prisioneiro de Azkaban'),
( TIMESTAMP '2022-10-17 08:58:00','DRIASela','Harry Potter e o Cálice de Fogo'),
( TIMESTAMP '2022-10-17 08:58:00','DRIASela','Harry Potter e a Ordem da Fênix'),
( TIMESTAMP '2022-01-03 00:04:00','rtyMRIci','O Velho e o Mar'),
( TIMESTAMP '2022-01-03 00:04:00','rtyMRIci','Harry Potter e a Câmara Secreta'),
( TIMESTAMP '2022-01-03 00:04:00','rtyMRIci','Harry Potter e a Criança Amaldiçoada'),
( TIMESTAMP '2022-01-03 00:04:00','rtyMRIci','Harry Potter e o Enigma do Príncipe'),
( TIMESTAMP '2022-01-03 00:04:00','rtyMRIci','Harry Potter e o Prisioneiro de Azkaban'),
( TIMESTAMP '2022-01-03 00:04:00','rtyMRIci','Harry Potter e as Relíquias da Morte'),
( TIMESTAMP '2022-01-03 00:04:00','rtyMRIci','Harry Potter e a Ordem da Fênix'),
( TIMESTAMP '2022-12-24 13:01:00','piEcfroT','Os irmão Karamazov'),
( TIMESTAMP '2022-12-24 13:01:00','piEcfroT','Harry Potter e a Criança Amaldiçoada'),
( TIMESTAMP '2022-12-24 13:01:00','piEcfroT','Harry Potter e o Enigma do Príncipe'),
( TIMESTAMP '2022-12-24 13:01:00','piEcfroT','Harry Potter e o Cálice de Fogo'),
( TIMESTAMP '2022-07-26 22:17:00','nchEhaGE','Cinquenta Tons Mais Escuros'),
( TIMESTAMP '2022-01-10 18:04:00','tuLSnEUM','Ilíada');

--Cria todas as relacoes entre cliente e categoria
INSERT INTO DETEM(datahoraCompra,cliente,colecao,datahoraColecao) VALUES
( TIMESTAMP '2022-11-23 16:02:00','nchEhaGE','Harry Potter','2022-08-11 06:41:00'),
( TIMESTAMP '2022-12-08 19:10:00','DRIASela','Senhor dos Anéis','2022-04-02 19:15:00'),
( TIMESTAMP '2022-05-01 12:19:00','rtyMnEUM','Narnia','2022-09-14 00:32:00'),
( TIMESTAMP '2022-01-06 16:56:00','nchERIci','Historicos','2022-01-14 23:27:00'),
( TIMESTAMP '2022-08-14 03:21:00','DRIAfroT','Teen','2022-03-03 15:31:00');

-- Cria todas as categorias dos livros
INSERT INTO CATEGORIA(livro, tipo) VALUES
('Harry Potter e a Pedra Filosofal','Ebook'),
('Harry Potter e a Pedra Filosofal','AudioBook'),
('Harry Potter e a Câmara Secreta','Ebook'),
('Harry Potter e a Câmara Secreta','AudioBook'),
('Harry Potter e o Prisioneiro de Azkaban','Ebook'),
('Harry Potter e o Cálice de Fogo','Ebook'),
('Harry Potter e a Ordem da Fênix','Ebook'),
('Harry Potter e a Ordem da Fênix','AudioBook'),
('Harry Potter e o Enigma do Príncipe','AudioBook'),
('Harry Potter e as Relíquias da Morte','AudioBook'),
('Harry Potter e a Criança Amaldiçoada','Ebook'),
('Harry Potter e a Criança Amaldiçoada','AudioBook'),
('Dom Quixote','Ebook'),
('O Conde de Monte Cristo','AudioBook'),
('Um Conto de Duas Cidades','Ebook'),
('Um Conto de Duas Cidades','AudioBook'),
('O Pequeno Príncipe','Ebook'),
('O Senhor dos Anéis: A Sociedade do Anel','Ebook'),
('O Senhor dos Anéis: As Duas Torres','AudioBook'),
('O Senhor dos Anéis: O Retorno do Rei','AudioBook'),
('O Sobrinho do Mago','Ebook'),
('O Sobrinho do Mago','AudioBook'),
('O Leão, a Feiticeira e o Guarda-Roupa','Ebook'),
('O Cavalo e seu Menino','AudioBook'),
('Príncipe Caspian','Ebook'),
('A Viagem do Peregrino da Alvorada','AudioBook'),
('A Cadeira de Prata','AudioBook'),
('A Última Batalha','Ebook'),
('A Última Batalha','AudioBook'),
('O Caso dos Dez Negrinhos','Ebook'),
('O Caso dos Dez Negrinhos','AudioBook'),
('Cinquenta Tons de Cinza','AudioBook'),
('Cinquenta Tons Mais Escuros','Ebook'),
('Cinquenta Tons Mais Escuros','AudioBook'),
('Cinquenta Tons de Liberdade','Ebook'),
('O Sonho da Câmara Vermelha','Ebook'),
('O Sonho da Câmara Vermelha','AudioBook'),
('Ela, a Feiticeira','Ebook'),
('Guerra e Paz','Ebook'),
('Guerra e Paz','AudioBook'),
('A montanha mágica','Ebook'),
('Cem anos de solidão','Ebook'),
('Cem anos de solidão','AudioBook'),
('Ulysses','AudioBook'),
('Em busca do tempo perdido','Ebook'),
('A Divina Comédia','AudioBook'),
('O homem sem qualidades','Ebook'),
('O homem sem qualidades','AudioBook'),
('O processo','AudioBook'),
('O som e a Fúria','Ebook'),
('O som e a Fúria','AudioBook'),
('Ao Farol','Ebook'),
('Ao Farol','AudioBook'),
('O Rei Lear','Ebook'),
('O Rei Lear','AudioBook'),
('Moby Dick','Ebook'),
('Madame Bovary','Ebook'),
('Viagem ao Fim da Noite','Ebook'),
('Ilíada','AudioBook'),
('Livro do Desassossego','AudioBook'),
('Pantagruel','Ebook'),
('Pantagruel','AudioBook'),
('Grandes Esperanças','AudioBook'),
('O Velho e o Mar','AudioBook'),
('Ficções','Ebook'),
('Ficções','AudioBook'),
('Lolita','Ebook'),
('Zorba, o Grego','Ebook'),
('Zorba, o Grego','AudioBook'),
('Os irmão Karamazov','Ebook'),
('Os irmão Karamazov','AudioBook'),
('As mil e uma noites','Ebook'),
('As mil e uma noites','AudioBook'),
('O estrangeiro','Ebook'),
('O estrangeiro','AudioBook'),
('Fausto','Ebook'),
('Odisséia','Ebook'),
('Anna Kariênina','AudioBook'),
('Hamlet','Ebook'),
('Crime e Castigo','AudioBook'),
('1984','Ebook'),
('1984','AudioBook'),
('Orgulho e Preconceito','Ebook'),
('Orgulho e Preconceito','AudioBook');

--Cria as listas de desejo
INSERT INTO LISTA_DESEJOS(livro,cliente) VALUES
('Zorba, o Grego','rtyMhaGE'),
('Grandes Esperanças','SelanEUM'),
('Guerra e Paz','tuLShaGE'),
('Harry Potter e o Cálice de Fogo','nchEhaGE'),
('Lolita','oMINANaw'),
('Harry Potter e a Ordem da Fênix','nchEbhOu'),
('O processo','piEcANaw'),
('O estrangeiro','piEcSela'),
('O processo','piEcfroT'),
('Harry Potter e a Criança Amaldiçoada','tuLSfroT'),
('Harry Potter e a Ordem da Fênix','tuLSfroT'),
('Moby Dick','VaIrnEUM'),
('Harry Potter e a Câmara Secreta','froTRIci'),
('O processo','bhOucHim'),
('A Viagem do Peregrino da Alvorada','rVERVaIr'),
('A montanha mágica','rtyMoMIN'),
('Em busca do tempo perdido','DRIAfroT'),
('Dom Quixote','nchERIci'),
('A Divina Comédia','nchEbhOu'),
('O estrangeiro','nchEANaw');

--Cria todas as Editoras
INSERT INTO EDITORA(usuario, qtdLivrosPublicados, avaliacaoMedia, cnpj, status) VALUES
('rVERnchE',1,NULL,'90735841459765',TRUE),
('rVERtuLS',1,NULL,'76643058831598',TRUE),
('rVERrtyM',1,NULL,'90586982484266',TRUE),
('rVERRIci',1,NULL,'98250003516808',TRUE),
('rVERoMIN',1,NULL,'97129819846012',TRUE),
('rVERhaGE',1,NULL,'40236563793777',TRUE),
('rVERcHim',1,NULL,'46498597214994',TRUE),
('nchEDRIA',1,4.3,'72980747298377',TRUE),
('nchEpiEc',1,NULL,'93412424177771',TRUE),
('nchEfroT',1,NULL,'55106241717385',TRUE),
('nchESela',1,NULL,'13101520610649',TRUE),
('nchEoMIN',1,NULL,'96267362080420',TRUE),
('nchEnEUM',1,NULL,'71277461841672',TRUE),
('nchEcHim',1,1.8,'41984089430059',TRUE),
('bhOutuLS',1,NULL,'61890080909270',TRUE),
('bhOufroT',1,NULL,'74806860501599',TRUE),
('bhOuVaIr',1,NULL,'95028381186130',TRUE),
('bhOunEUM',1,7.0,'85086942277532',TRUE),
('bhOuhaGE',1,NULL,'15059017336749',TRUE),
('tuLSDRIA',1,NULL,'35076440587953',TRUE),
('tuLSpiEc',1,2.4,'12054940545046',TRUE),
('tuLSRIci',1,NULL,'48236845881582',TRUE),
('tuLSoMIN',1,NULL,'82350352405410',TRUE),
('tuLScHim',1,NULL,'75588750939511',TRUE),
('DRIAVaIr',1,10.0,'10169327648133',TRUE),
('DRIARIci',1,NULL,'60476765211022',TRUE),
('DRIAoMIN',1,NULL,'21709480329971',TRUE),
('DRIAnEUM',1,NULL,'42318785362076',TRUE),
('DRIAcHim',1,NULL,'35394062407724',TRUE),
('piEcRIci',1,NULL,'72093287237403',TRUE),
('piEcoMIN',1,NULL,'11962963247498',TRUE),
('piEchaGE',1,NULL,'54575639242775',TRUE),
('piEccHim',1,NULL,'15310278958942',TRUE),
('rtyMVaIr',1,NULL,'38295184081354',TRUE),
('rtyMANaw',1,NULL,'86580172027693',TRUE),
('rtyMcHim',1,NULL,'23809684287203',TRUE),
('froTVaIr',1,NULL,'46054406612097',TRUE),
('froTSela',1,7.4,'34337078826637',TRUE),
('froToMIN',1,NULL,'58843203348570',TRUE),
('froTnEUM',1,NULL,'90956641668712',TRUE),
('froThaGE',1,NULL,'37615705845192',TRUE),
('froTcHim',1,NULL,'24873383612571',TRUE),
('VaIrRIci',1,6.5,'60414577190924',TRUE),
('VaIrSela',1,NULL,'71971394545416',TRUE),
('VaIrANaw',1,NULL,'37541225887133',TRUE),
('VaIrcHim',1,NULL,'14029504546427',TRUE),
('RIciSela',1,1.7,'42821896327889',TRUE),
('RIcioMIN',1,NULL,'18993983480554',TRUE),
('RIcihaGE',1,NULL,'58021584048210',TRUE),
('RIciANaw',1,NULL,'87986236508227',TRUE),
('SelaoMIN',1,9.2,'51990989386589',TRUE),
('SelahaGE',1,NULL,'69928863749023',TRUE),
('SelaANaw',1,NULL,'58931239947458',TRUE),
('SelacHim',1,NULL,'73073547772544',TRUE),
('nEUMhaGE',1,NULL,'91348574910816',TRUE),
('nEUMANaw',1,NULL,'30866452488722',TRUE),
('nEUMcHim',1,NULL,'85871443974696',TRUE),
('haGEANaw',1,NULL,'30337542956021',TRUE),
('haGEcHim',2,NULL,'33534870414279',TRUE),
('ANawcHim',0,NULL,'40161609124317',FALSE);

--Cria as relacoes entre livro e colecao
INSERT INTO CONTEM(livro, nomeColecao, inicioColecao) VALUES
('Harry Potter e a Pedra Filosofal','Harry Potter', '2022-08-11 06:41:00'),
('Harry Potter e a Câmara Secreta','Harry Potter', '2022-08-11 06:41:00'),
('Harry Potter e o Prisioneiro de Azkaban','Harry Potter', '2022-08-11 06:41:00'),
('Harry Potter e o Cálice de Fogo','Harry Potter', '2022-08-11 06:41:00'),
('Harry Potter e a Ordem da Fênix','Harry Potter', '2022-08-11 06:41:00'),
('Harry Potter e o Enigma do Príncipe','Harry Potter', '2022-08-11 06:41:00'),
('Harry Potter e as Relíquias da Morte','Harry Potter', '2022-08-11 06:41:00'),
('Harry Potter e a Criança Amaldiçoada','Harry Potter', '2022-08-11 06:41:00'),
('O Senhor dos Anéis: A Sociedade do Anel','Senhor dos Anéis', '2022-04-02 19:15:00'),
('O Senhor dos Anéis: As Duas Torres','Senhor dos Anéis', '2022-04-02 19:15:00'),
('O Senhor dos Anéis: O Retorno do Rei','Senhor dos Anéis', '2022-04-02 19:15:00'),
('O Sobrinho do Mago','Narnia', '2022-09-14 00:32:00'),
('O Leão, a Feiticeira e o Guarda-Roupa','Narnia', '2022-09-14 00:32:00'),
('O Cavalo e seu Menino','Narnia', '2022-09-14 00:32:00'),
('Príncipe Caspian','Narnia', '2022-09-14 00:32:00'),
('A Viagem do Peregrino da Alvorada','Narnia', '2022-09-14 00:32:00'),
('A Cadeira de Prata','Narnia', '2022-09-14 00:32:00'),
('A Última Batalha','Narnia', '2022-09-14 00:32:00'),
('Ulysses','Historicos', '2022-01-14 23:27:00'),
('Ilíada','Historicos', '2022-01-14 23:27:00'),
('Odisséia','Historicos', '2022-01-14 23:27:00'),
('Harry Potter e a Pedra Filosofal','Teen', '2022-03-03 15:31:00'),
('Harry Potter e a Câmara Secreta','Teen', '2022-03-03 15:31:00'),
('Harry Potter e o Prisioneiro de Azkaban','Teen', '2022-03-03 15:31:00'),
('Harry Potter e o Cálice de Fogo','Teen', '2022-03-03 15:31:00'),
('Harry Potter e a Ordem da Fênix','Teen', '2022-03-03 15:31:00'),
('Harry Potter e o Enigma do Príncipe','Teen', '2022-03-03 15:31:00'),
('Harry Potter e as Relíquias da Morte','Teen', '2022-03-03 15:31:00'),
('Harry Potter e a Criança Amaldiçoada','Teen', '2022-03-03 15:31:00'),
('O Velho e o Mar','Filosoficos', '2022-09-10 20:11:00'),
('Crime e Castigo','Filosoficos', '2022-09-10 20:11:00'),
('A Divina Comédia','Religiosos', '2022-01-07 18:34:00'),
('Dom Quixote','Classicos', '2022-01-14 06:51:00'),
('O Pequeno Príncipe','Classicos', '2022-01-14 06:51:00'),
('O Caso dos Dez Negrinhos','Classicos', '2022-01-14 06:51:00'),
('A Divina Comédia','Classicos', '2022-01-14 06:51:00'),
('Moby Dick','Classicos', '2022-01-14 06:51:00'),
('Hamlet','Classicos', '2022-01-14 06:51:00'),
('Lolita','Classicos', '2022-01-14 06:51:00'),
('Cinquenta Tons de Cinza','Cinquenta Tons', '2022-01-22 02:58:00'),
('Cinquenta Tons Mais Escuros','Cinquenta Tons', '2022-01-22 02:58:00'),
('Cinquenta Tons de Liberdade','Cinquenta Tons', '2022-01-22 02:58:00');

--Cria os Ebooks
INSERT INTO EBOOK(livro, numPaginas) VALUES
('Harry Potter e a Pedra Filosofal',129),
('Harry Potter e a Câmara Secreta',203),
('Harry Potter e o Prisioneiro de Azkaban',270),
('Harry Potter e o Cálice de Fogo',164),
('Harry Potter e a Ordem da Fênix',244),
('Harry Potter e a Criança Amaldiçoada',280),
('Dom Quixote',220),
('Um Conto de Duas Cidades',212),
('O Pequeno Príncipe',167),
('O Senhor dos Anéis: A Sociedade do Anel',177),
('O Sobrinho do Mago',290),
('O Leão, a Feiticeira e o Guarda-Roupa',233),
('Príncipe Caspian',117),
('A Última Batalha',259),
('O Caso dos Dez Negrinhos',167),
('Cinquenta Tons Mais Escuros',227),
('Cinquenta Tons de Liberdade',238),
('O Sonho da Câmara Vermelha',209),
('Ela, a Feiticeira',275),
('Guerra e Paz',210),
('A montanha mágica',296),
('Cem anos de solidão',105),
('Em busca do tempo perdido',268),
('O homem sem qualidades',168),
('O som e a Fúria',125),
('Ao Farol',165),
('O Rei Lear',234),
('Moby Dick',151),
('Madame Bovary',274),
('Viagem ao Fim da Noite',145),
('Pantagruel',179),
('Ficções',214),
('Lolita',280),
('Zorba, o Grego',102),
('Os irmão Karamazov',143),
('As mil e uma noites',249),
('O estrangeiro',119),
('Fausto',148),
('Odisséia',105),
('Hamlet',242),
('1984',236),
('Orgulho e Preconceito',201);

--Cria os AudioBooks
INSERT INTO AUDIOBOOK(livro, dublador, duracao) VALUES
('Harry Potter e a Pedra Filosofal','ojiioitdrpshqzvxsnlq',240),
('Harry Potter e a Câmara Secreta','znfhvbaijlfrkhihvoxb',253),
('Harry Potter e a Ordem da Fênix','kgruznlxxyzvrktsnuax',153),
('Harry Potter e o Enigma do Príncipe','ycibfwkxsfnbglzqbsqq',261),
('Harry Potter e as Relíquias da Morte','exliybcgyvllyxmiutyb',249),
('Harry Potter e a Criança Amaldiçoada','zjhehzzdgccrtbasqnbg',220),
('O Conde de Monte Cristo','cuzsznridahpcluhrhnv',99),
('Um Conto de Duas Cidades','skppnixulsnirrsfisrl',188),
('O Senhor dos Anéis: As Duas Torres','enpbervefzmitfozdeec',266),
('O Senhor dos Anéis: O Retorno do Rei','gwgalqoqxwkzqgonzzxx',260),
('O Sobrinho do Mago','lfktjyofsjhplqedrjtd',236),
('O Cavalo e seu Menino','bhztqmcuythwdkkqmuop',239),
('A Viagem do Peregrino da Alvorada','qbikevsgqobpvjcvzyxi',188),
('A Cadeira de Prata','bfhlknjbfhsagfqxgwgw',183),
('A Última Batalha','ohudxrpcrzvrrpieuzzr',131),
('O Caso dos Dez Negrinhos','sgeepneosfilxxbvrnzy',100),
('Cinquenta Tons de Cinza','cvvzztdeznagawatrtwk',105),
('Cinquenta Tons Mais Escuros','bkghtuvlozvyiovqcixk',255),
('O Sonho da Câmara Vermelha','kzqqfrapbnlbhzqycvui',256),
('Guerra e Paz','ppkrkxdjbwtehdezugzf',84),
('Cem anos de solidão','fxglqpenhycyjcivoimb',22),
('Ulysses','jblmdtxpbfqctngbxkkm',291),
('A Divina Comédia','jdvdzadlirdnpipomwpr',222),
('O homem sem qualidades','uhklfjnmkomoxunlevpy',21),
('O processo','sswnhuiwtuloygdfxngo',72),
('O som e a Fúria','aaeasnjmrqrqbyhqeiah',58),
('Ao Farol','trqnphkovbumsycigueb',129),
('O Rei Lear','ujdkvmjdasdfjwwzacew',234),
('Ilíada','cducxaoubuhhzyvdaali',222),
('Livro do Desassossego','aqapnlhtmoypebgjbhmz',57),
('Pantagruel','rtfsqdnwiujoszzzvoaj',291),
('Grandes Esperanças','wzahgcntqhixhzcimwjq',298),
('O Velho e o Mar','wlsrfbvwkkhnurlibhsn',202),
('Ficções','rfpjqkgxqgivesyvktck',81),
('Zorba, o Grego','icpdphynguxpplyqzpkq',110),
('Os irmão Karamazov','urhdifvbknstbsufchpz',53),
('As mil e uma noites','nliivujewiqndsegxssc',203),
('O estrangeiro','brhotrirmykcwmvbzpyp',245),
('Anna Kariênina','qiattezzhehghbbrdaok',197),
('Crime e Castigo','aglpaorxbdxlsfekdawe',180),
('1984','hzmloezoodahpfuotckr',134),
('Orgulho e Preconceito','zvezdlmwuixvpwjbkxpn',250);

--Cria todos os autores
INSERT INTO AUTOR(cpf,nome,qtLivrosPublicados,email,telefone) VALUES 
('13934352101','ralzqoetzyfbsdnlirny',1,'jivntcxhfsikgvo@uvvxtppsrz.com','64 8544 1436'),
('14700835313','ffgtiusazsamswzmkxnf',1,'nzobduoxnfedfgz@wkvmfairgd.com','93 8499 7247'),
('68783649633','jnpdwsojcrsrcrwtywin',1,'ucvkgtzxffnppja@cvvhyyxoyj.com','16 5597 1481'),
('24475781804','mzimlxncyhtdsycawogo',1,'uzwhhkfscqhtmrr@kujhbunxgr.com','63 8546 9633'),
('54033933072','gqveiqrsjcdbvtghgjhi',1,'zbrgymifkizfbpl@opzvvpwqvx.com','25 3159 3600'),
('24513393365','zmziiybpdxzcponivorz',1,'bxdkefbvqqetjky@gzcekrpwsv.com','20 6343 1066'),
('77128196234','krcujlfxkgphuypvwses',1,'oaaogzpwmniphom@voxszfsceb.com','11 3586 2447'),
('65355323725','hhaltrbowoafytjkwbem',1,'brdpxruilfttwqm@itlrnkyofl.com','17 4389 9660'),
('30652662594','rofrrgidkjyofoivoxvo',1,'evasjoifmmyiszf@hhjmjkpicc.com','65 7563 5401'),
('69036416182','lybzwanpeksmhobwhabx',1,'etqnltylvdcamne@fsazdffrkb.com','15 2248 5673'),
('73072335064','tqlrcnnqyzgroawjsstq',1,'lecmalutizklhuv@dcasfoojoj.com','93 9549 6989'),
('88920627775','kpkscrnfybcojrvdshkc',1,'vtftzshvzzhebsh@cxfhiltrdk.com','79 2754 6861'),
('34969508364','szzmvpnujoedkvrvwfwc',1,'nuerjdzxqxezhsx@dwiuziwmpf.com','88 1096 5794'),
('62480532655','zsxpokvebhihigveruzq',1,'pwelhjxfygwppof@cfzmmhhoph.com','50 1549 6275'),
('99538414715','zluskpdvtcmfctkvxpmv',1,'udiwilcbgojwmwo@sgjxmsdeyy.com','29 7746 1995'),
('68496277641','oflpwgiuqwheyomrstiv',1,'dmhlnswtsrxhpiz@zglvyuxnlx.com','76 3425 5697'),
('60285273397','cermnfcgpcbtmllxrkdu',1,'ltlfpsgmonjzmdh@dalsfixyxb.com','97 6794 7327'),
('84495692608','vtugwruvkknxctzidjwz',1,'chkitusoqrjrgwx@oxxgbelydn.com','22 9448 1455'),
('61669301893','kzhqmqnupnzvpokhqwjh',1,'vwrcrynsfcqjiqi@tpiuerruis.com','93 3294 5473'),
('38514879437','dgfithjljvywmsygqgng',1,'otsvsxjlownqyyo@prlfffyazc.com','55 7414 9930'),
('52369426970','zhcxuejqlclbhauqgojp',1,'zbbbocbwzmvggwt@vwshorpdhm.com','62 2195 3071'),
('66239995045','xeydilxzmcfyidydabsr',1,'tzakmwfirqapvoj@dbajhwwdsi.com','19 6940 5935'),
('39673767160','agotkzrazbocivsjggsf',1,'talxmrwxmranshm@ftbcbjdmbp.com','93 2988 9928'),
('24807924412','lwmvdaktfzptqnmrupyi',1,'isigaeoqjrhuvdv@waictlqqkc.com','65 6909 4348'),
('25436925259','qpshjxhheqrvytqqoeea',1,'tbggcyhgownvdyk@mobcpbuihg.com','14 6897 7692'),
('21961814542','cpufhsynlldlkkjgxvli',1,'lfemidlykurkunf@ykxirsfvdo.com','27 9037 8680'),
('84696963923','bcbjywjmixqzlmomajyn',1,'makmngzrzzwkkcp@gdsldyaieg.com','35 9301 5032'),
('22073635450','uefdtyzcixawsshwvycu',1,'kbugenbxdzvjvwt@vubbagtrkh.com','99 9319 2495'),
('50430254553','bjngsupnfxdusacryepm',1,'thhnculjqcplitw@eyohinpaud.com','49 6564 3245'),
('23809814844','fakjnoujcyacojzvqxow',1,'xkfuajdojlnjtle@smlpiguifv.com','57 1569 6076'),
('49608180168','jvxntttcwrmtzbnkmcue',1,'dkdctzjkthzuebc@mxqpbkkssh.com','23 2308 8915'),
('56411083722','haumxqevojkfbomuuyce',1,'divzskslljaaqvg@vxtrrirvia.com','93 6676 5435'),
('48795834597','ukovknjrgonvceldrxab',1,'csrmrozzlhexmzc@ssdilxnzvz.com','49 1791 8610'),
('95906303191','rlwxfpxdkfasnpkpnzdc',1,'psnazjzoyajwxob@svzsjtqiwy.com','35 5205 3580'),
('96468210795','chuzngngbeayoenysfdp',1,'ojszwogzeoivfbj@rbsxecpoww.com','15 7717 9749'),
('64461539198','xhnjpeszejbyijqiekxr',1,'cgpnrrbajtudqtz@cgosxplexd.com','89 2100 9873'),
('54844986666','yvbuzmjnhcgugakcgpbz',1,'jphzocvquwlguuz@ixldsqntgk.com','91 3699 1264'),
('48177906841','sfroshcxtzwypfnwkjrm',1,'mxhuufddvgdravf@rsrazwobao.com','54 8686 1275'),
('62912565334','kyqapwzwhqhehxzyhmmf',1,'zkdmsrcdvosuecc@zzbyuljulc.com','65 9635 7060'),
('77412541206','yxpprcucxwndpyddqgia',1,'vjyxkabjfaiuale@fdddzjjouh.com','29 8687 2309'),
('89127462016','npnwgtdgkrtagcxfxead',1,'qnatftruhayprlj@yzopglkbbl.com','46 8034 2985'),
('49306832832','ywbvbrngghlokliorcgq',1,'eeflyyrnsnkblqz@inqxkzjmws.com','64 6704 4054'),
('12376593978','vsjynyaohusiyaegoyyd',1,'lpadhyhxarooryp@qcwtxrswfv.com','31 1738 1048'),
('93914870793','qynycudtegwnqvqkhwfh',1,'vacnelwpdgfxtrc@diyhwdnojd.com','23 9739 3307'),
('88090881020','ggizeknzfsimnivmlszu',1,'chyzkzflrmqlywc@ltxqbwjgje.com','38 1525 3621'),
('80511456174','zzjyqrotvgoraukmjuzu',1,'sbtolrhpxaaxfxd@sbrffepzig.com','22 5104 6803'),
('13931458617','ewaesklemcemqkpqxlvn',1,'cliftouxqgdcfzw@aleiyoigao.com','74 1567 9763'),
('93460826601','aukxusiuwqulcsweigvo',1,'zhxudhjmobdhrvq@mkrewehjuw.com','65 9906 7748'),
('68104153783','xaeigpacbnfmjinlchpn',1,'eitbqrevqzcbizl@hgrwwwlnys.com','66 9034 5379'),
('24628269793','gmzpfpucafimzajxlkxh',1,'vryxwopicyqyikh@mofasgcrip.com','77 2580 8590'),
('53203695446','hyqdavngzeooqimvalwh',1,'wiiykyqjewhmpfc@laeoqdwkts.com','30 5596 7099'),
('23468415137','lodmruazbxhewvnxlloa',1,'welsdgdtjvkazly@mesjdbgjgb.com','37 4503 9944'),
('59488250019','bgefuagcxmicadcmjdvx',1,'jjeaxlnkvngtsmb@tkewunzziv.com','58 1763 7186'),
('22265215900','zzbimptxhpimfnydnnzg',1,'qbrdpheqbfosjpd@svnubnbhqc.com','77 1800 5681'),
('36715834942','nthavixmixcfgdkajvod',1,'dwumoljjyhynzby@wgrwisxrxr.com','56 5816 6121'),
('23995008220','cictvpqbqecsstxrpvjx',1,'xctsvvokdxfihtb@tftagattwa.com','36 6935 6903'),
('87776625983','ehnbofulkqcrxehwgxkm',1,'giixurtiicjjner@khkzyjdbnc.com','12 4966 6354'),
('66974092850','fatwbvhtyxyitczhyfyv',1,'dnvuvrkupayaqqb@fpjrfcgnsr.com','94 1192 1913'),
('13669656751','filqnamtpxyonczryrvh',1,'xquzbfxjrallzhw@ukvqskrfor.com','82 9332 8301'),
('39418039889','qaturhibknykamcokexz',1,'cgsmkyhkqypoqgu@tfiszgkuhs.com','17 9291 1676');

-- Cria as relações de publica
INSERT INTO PUBLICA(livro,autor,editora) VALUES 
('Harry Potter e a Pedra Filosofal','13934352101','rVERnchE'),
('Harry Potter e a Câmara Secreta','14700835313','rVERtuLS'),
('Harry Potter e o Prisioneiro de Azkaban','68783649633','rVERrtyM'),
('Harry Potter e o Cálice de Fogo','24475781804','rVERRIci'),
('Harry Potter e a Ordem da Fênix','54033933072','rVERoMIN'),
('Harry Potter e o Enigma do Príncipe','24513393365','rVERhaGE'),
('Harry Potter e as Relíquias da Morte','77128196234','rVERcHim'),
('Harry Potter e a Criança Amaldiçoada','65355323725','nchEDRIA'),
('Dom Quixote','30652662594','nchEpiEc'),
('O Conde de Monte Cristo','69036416182','nchEfroT'),
('Um Conto de Duas Cidades','73072335064','nchESela'),
('O Pequeno Príncipe','88920627775','nchEoMIN'),
('O Senhor dos Anéis: A Sociedade do Anel','34969508364','nchEnEUM'),
('O Senhor dos Anéis: As Duas Torres','62480532655','nchEcHim'),
('O Senhor dos Anéis: O Retorno do Rei','99538414715','bhOutuLS'),
('O Sobrinho do Mago','68496277641','bhOufroT'),
('O Leão, a Feiticeira e o Guarda-Roupa','60285273397','bhOuVaIr'),
('O Cavalo e seu Menino','84495692608','bhOunEUM'),
('Príncipe Caspian','61669301893','bhOuhaGE'),
('A Viagem do Peregrino da Alvorada','38514879437','tuLSDRIA'),
('A Cadeira de Prata','52369426970','tuLSpiEc'),
('A Última Batalha','66239995045','tuLSRIci'),
('O Caso dos Dez Negrinhos','39673767160','tuLSoMIN'),
('Cinquenta Tons de Cinza','24807924412','tuLScHim'),
('Cinquenta Tons Mais Escuros','25436925259','DRIAVaIr'),
('Cinquenta Tons de Liberdade','21961814542','DRIARIci'),
('O Sonho da Câmara Vermelha','84696963923','DRIAoMIN'),
('Ela, a Feiticeira','22073635450','DRIAnEUM'),
('Guerra e Paz','50430254553','DRIAcHim'),
('A montanha mágica','23809814844','piEcRIci'),
('Cem anos de solidão','49608180168','piEcoMIN'),
('Ulysses','56411083722','piEchaGE'),
('Em busca do tempo perdido','48795834597','piEccHim'),
('A Divina Comédia','95906303191','rtyMVaIr'),
('O homem sem qualidades','96468210795','rtyMANaw'),
('O processo','64461539198','rtyMcHim'),
('O som e a Fúria','54844986666','froTVaIr'),
('Ao Farol','48177906841','froTSela'),
('O Rei Lear','62912565334','froToMIN'),
('Moby Dick','77412541206','froTnEUM'),
('Madame Bovary','89127462016','froThaGE'),
('Viagem ao Fim da Noite','49306832832','froTcHim'),
('Ilíada','12376593978','VaIrRIci'),
('Livro do Desassossego','93914870793','VaIrSela'),
('Pantagruel','88090881020','VaIrANaw'),
('Grandes Esperanças','80511456174','VaIrcHim'),
('O Velho e o Mar','13931458617','RIciSela'),
('Ficções','93460826601','RIcioMIN'),
('Lolita','68104153783','RIcihaGE'),
('Zorba, o Grego','24628269793','RIciANaw'),
('Os irmão Karamazov','53203695446','SelaoMIN'),
('As mil e uma noites','23468415137','SelahaGE'),
('O estrangeiro','59488250019','SelaANaw'),
('Fausto','22265215900','SelacHim'),
('Odisséia','36715834942','nEUMhaGE'),
('Anna Kariênina','23995008220','nEUMANaw'),
('Hamlet','87776625983','nEUMcHim'),
('Crime e Castigo','66974092850','haGEANaw'),
('1984','13669656751','haGEcHim'),
('Orgulho e Preconceito','39418039889','haGEcHim');